"pytanie";"A";"B";"C";"D";"poprawna";"wyjasnienie";"kategoria"
"Ile wynosi 1 + 2?";"3";"2";"4";"5";"A";"1 + 2 = 3.";"Dodawanie — przykład"
"Ile wynosi 2 + 3?";"3";"5";"6";"7";"B";"2 + 3 = 5.";"Dodawanie — przykład"
"Ile wynosi 3 + 4?";"5";"6";"7";"9";"C";"3 + 4 = 7.";"Dodawanie — przykład"
"Ile wynosi 4 + 5?";"7";"8";"10";"9";"D";"4 + 5 = 9.";"Dodawanie — przykład"
"Ile wynosi 5 + 6?";"11";"10";"12";"13";"A";"5 + 6 = 11.";"Dodawanie — przykład"
"Ile wynosi 6 + 7?";"11";"13";"14";"15";"B";"6 + 7 = 13.";"Dodawanie — przykład"
"Ile wynosi 7 + 8?";"13";"14";"15";"17";"C";"7 + 8 = 15.";"Dodawanie — przykład"
"Ile wynosi 8 + 2?";"8";"9";"11";"10";"D";"8 + 2 = 10.";"Dodawanie — przykład"
"Ile wynosi 9 + 3?";"12";"11";"13";"14";"A";"9 + 3 = 12.";"Dodawanie — przykład"
"Ile wynosi 10 + 4?";"12";"14";"15";"16";"B";"10 + 4 = 14.";"Dodawanie — przykład"
"Ile wynosi 11 + 5?";"14";"15";"16";"18";"C";"11 + 5 = 16.";"Dodawanie — przykład"
"Ile wynosi 12 + 6?";"16";"17";"19";"18";"D";"12 + 6 = 18.";"Dodawanie — przykład"
"Ile wynosi 13 + 7?";"20";"19";"21";"22";"A";"13 + 7 = 20.";"Dodawanie — przykład"
"Ile wynosi 14 + 8?";"20";"22";"23";"24";"B";"14 + 8 = 22.";"Dodawanie — przykład"
"Ile wynosi 15 + 2?";"15";"16";"17";"19";"C";"15 + 2 = 17.";"Dodawanie — przykład"
"Ile wynosi 16 + 3?";"17";"18";"20";"19";"D";"16 + 3 = 19.";"Dodawanie — przykład"
"Ile wynosi 17 + 4?";"21";"20";"22";"23";"A";"17 + 4 = 21.";"Dodawanie — przykład"
"Ile wynosi 18 + 5?";"21";"23";"24";"25";"B";"18 + 5 = 23.";"Dodawanie — przykład"
"Ile wynosi 19 + 6?";"23";"24";"25";"27";"C";"19 + 6 = 25.";"Dodawanie — przykład"
"Ile wynosi 20 + 7?";"25";"26";"28";"27";"D";"20 + 7 = 27.";"Dodawanie — przykład"
"Ile wynosi 21 + 8?";"29";"28";"30";"31";"A";"21 + 8 = 29.";"Dodawanie — przykład"
"Ile wynosi 22 + 2?";"22";"24";"25";"26";"B";"22 + 2 = 24.";"Dodawanie — przykład"
"Ile wynosi 23 + 3?";"24";"25";"26";"28";"C";"23 + 3 = 26.";"Dodawanie — przykład"
"Ile wynosi 24 + 4?";"26";"27";"29";"28";"D";"24 + 4 = 28.";"Dodawanie — przykład"
"Ile wynosi 25 + 5?";"30";"29";"31";"32";"A";"25 + 5 = 30.";"Dodawanie — przykład"
"Ile wynosi 26 + 6?";"30";"32";"33";"34";"B";"26 + 6 = 32.";"Dodawanie — przykład"
"Ile wynosi 27 + 7?";"32";"33";"34";"36";"C";"27 + 7 = 34.";"Dodawanie — przykład"
"Ile wynosi 28 + 8?";"34";"35";"37";"36";"D";"28 + 8 = 36.";"Dodawanie — przykład"
"Ile wynosi 29 + 2?";"31";"30";"32";"33";"A";"29 + 2 = 31.";"Dodawanie — przykład"
"Ile wynosi 30 + 3?";"31";"33";"34";"35";"B";"30 + 3 = 33.";"Dodawanie — przykład"
"Ile wynosi 31 + 4?";"33";"34";"35";"37";"C";"31 + 4 = 35.";"Dodawanie — przykład"
"Ile wynosi 32 + 5?";"35";"36";"38";"37";"D";"32 + 5 = 37.";"Dodawanie — przykład"
"Ile wynosi 33 + 6?";"39";"38";"40";"41";"A";"33 + 6 = 39.";"Dodawanie — przykład"
"Ile wynosi 34 + 7?";"39";"41";"42";"43";"B";"34 + 7 = 41.";"Dodawanie — przykład"
"Ile wynosi 35 + 8?";"41";"42";"43";"45";"C";"35 + 8 = 43.";"Dodawanie — przykład"
"Ile wynosi 36 + 2?";"36";"37";"39";"38";"D";"36 + 2 = 38.";"Dodawanie — przykład"
"Ile wynosi 37 + 3?";"40";"39";"41";"42";"A";"37 + 3 = 40.";"Dodawanie — przykład"
"Ile wynosi 38 + 4?";"40";"42";"43";"44";"B";"38 + 4 = 42.";"Dodawanie — przykład"
"Ile wynosi 39 + 5?";"42";"43";"44";"46";"C";"39 + 5 = 44.";"Dodawanie — przykład"
"Ile wynosi 40 + 6?";"44";"45";"47";"46";"D";"40 + 6 = 46.";"Dodawanie — przykład"
